{"actions":[{"id":"5a7d44c38c1ce557941641e8","type":"ARROW","content":"{\"uuid\":\"18B79591-6971-4FCF-B30E-074D7CEB7861\",\"forWebData\":\"{\\\"type\\\":\\\"ARROW\\\",\\\"header\\\":-0.5,\\\"line\\\":0.5,\\\"length\\\":12.14036327032953,\\\"direction\\\":{\\\"x\\\":-0.33319964803625557,\\\"y\\\":0.5607568794611358,\\\"z\\\":0.7579773853391173},\\\"position\\\":{\\\"x\\\":5.139868116752727,\\\"y\\\":16.525150719791306,\\\"z\\\":-10.025026156104015,\\\"_z\\\":-10.025026156104015},\\\"scale\\\":{\\\"x\\\":1,\\\"y\\\":1,\\\"z\\\":1},\\\"rotation\\\":{\\\"_x\\\":0.8758692704082102,\\\"_y\\\":0.16253216330931286,\\\"_z\\\":0.3444187649980631,\\\"_order\\\":\\\"XYZ\\\"},\\\"quaternion\\\":{\\\"_x\\\":0.4290161306918557,\\\"_y\\\":0,\\\"_z\\\":0.18859140986699477,\\\"_w\\\":0.8833903099596282},\\\"sphereCoordinate\\\":{\\\"ath\\\":117.14438270488803,\\\"atv\\\":55.71619402724994,\\\"zorder\\\":20},\\\"sphCo\\\":true,\\\"uuid\\\":\\\"18B79591-6971-4FCF-B30E-074D7CEB7861\\\",\\\"a\\\":{\\\"x\\\":-0.6803860595075389,\\\"y\\\":0.021282589598019486,\\\"z\\\":-0.31483624538449495},\\\"b\\\":{\\\"x\\\":0.6803860595075389,\\\"y\\\":-0.021282589598019486,\\\"z\\\":0.31483624538449495},\\\"c\\\":{\\\"x\\\":-3.697978357234801,\\\"y\\\":7.3472665128576935,\\\"z\\\":10.274934439435045},\\\"d\\\":{\\\"x\\\":-5.0587504762498785,\\\"y\\\":7.389831692053733,\\\"z\\\":9.645261948666056},\\\"min\\\":{\\\"x\\\":0,\\\"y\\\":0,\\\"z\\\":0},\\\"max\\\":{\\\"x\\\":-4.37836441674234,\\\"y\\\":7.368549102455713,\\\"z\\\":9.96009819405055},\\\"pos\\\":1}\",\"position\":{\"x\":5.139868116752727,\"y\":16.525150719791306,\"z\":-10.025026156104015},\"quaternion\":{\"_x\":0.4290161306918557,\"_y\":0,\"_z\":0.18859140986699477,\"_w\":0.8833903099596282},\"length\":12.14036327032953}","time":2.740993},{"id":"5a7d44cd8c1ce557941641e9","type":"TEXT","content":"{\"uuid\":\"9C530873-6888-4B51-860E-C6D1B9E80082\",\"forWebData\":\"{\\\"type\\\":\\\"TEXT\\\",\\\"position\\\":{\\\"x\\\":-0.851337687546719,\\\"y\\\":18.177343754209062,\\\"z\\\":-8.298156312282838,\\\"_z\\\":-8.298156312282838},\\\"rotation\\\":{\\\"_x\\\":1.140559954825353,\\\"_y\\\":0.10223590339480616,\\\"_z\\\":0,\\\"_order\\\":\\\"YXZ\\\"},\\\"text\\\":\\\"input here\\\",\\\"sphereCoordinate\\\":{\\\"ath\\\":84.1423142207704,\\\"atv\\\":65.34927169312456,\\\"zorder\\\":20},\\\"sphCo\\\":true,\\\"uuid\\\":\\\"9C530873-6888-4B51-860E-C6D1B9E80082\\\",\\\"width\\\":5.6000000000000005,\\\"height\\\":2.5500000000000003}\",\"text\":\"input here\",\"position\":{\"x\":-0.851337687546719,\"y\":18.177343754209062,\"z\":-8.298156312282838}}","time":5.885073},{"id":"5a7d44cd8c1ce557941641ea","type":"BRUSH","content":"{\"uuid\":\"CF302261-829E-4CE8-B1BB-C3E3AE262C80\",\"forWebData\":\"{\\\"uuid\\\":\\\"CF302261-829E-4CE8-B1BB-C3E3AE262C80\\\",\\\"type\\\":\\\"BRUSH\\\",\\\"pointPosition\\\":[{\\\"x\\\":12.358032700569924,\\\"y\\\":43.606496802214835,\\\"z\\\":-20.913049491081285},{\\\"x\\\":10.853067711399765,\\\"y\\\":45.72683858596974,\\\"z\\\":-16.90497768165646},{\\\"x\\\":4.7581779740509536,\\\"y\\\":49.36890003674922,\\\"z\\\":-5.792242017414395},{\\\"x\\\":-1.317034645365248,\\\"y\\\":49.217615881730005,\\\"z\\\":8.422450921474985},{\\\"x\\\":-3.589734952859384,\\\"y\\\":47.88185716479374,\\\"z\\\":13.860710167618818},{\\\"x\\\":-5.197577977574626,\\\"y\\\":46.6935055358906,\\\"z\\\":16.870321453913345},{\\\"x\\\":-6.817339027472713,\\\"y\\\":45.5319560953759,\\\"z\\\":19.28652231508041},{\\\"x\\\":-7.120290631100692,\\\"y\\\":45.29636345795855,\\\"z\\\":19.712648657117015},{\\\"x\\\":-7.42012329262735,\\\"y\\\":45.06319628978052,\\\"z\\\":20.13438795061933}],\\\"position\\\":{\\\"x\\\":-0.5052375804571393,\\\"y\\\":-1.7288595286064847,\\\"z\\\":0.8693559211510432,\\\"_z\\\":0.8693559211510432},\\\"numPoints\\\":9}\",\"vertices\":[{\"x\":12.358032700569924,\"y\":43.606496802214835,\"z\":-20.913049491081285},{\"x\":10.853067711399765,\"y\":45.72683858596974,\"z\":-16.90497768165646},{\"x\":4.7581779740509536,\"y\":49.36890003674922,\"z\":-5.792242017414395},{\"x\":-1.317034645365248,\"y\":49.217615881730005,\"z\":8.422450921474985},{\"x\":-3.589734952859384,\"y\":47.88185716479374,\"z\":13.860710167618818},{\"x\":-5.197577977574626,\"y\":46.6935055358906,\"z\":16.870321453913345},{\"x\":-6.817339027472713,\"y\":45.5319560953759,\"z\":19.28652231508041},{\"x\":-7.120290631100692,\"y\":45.29636345795855,\"z\":19.712648657117015},{\"x\":-7.42012329262735,\"y\":45.06319628978052,\"z\":20.13438795061933}]}","time":5.885073},{"id":"5a7d44d78c1ce557941641eb","type":"HIGHLIGHT","content":"{\"uuid\":\"E117D502-65F0-49DF-9255-FCDE14E21324\",\"forWebData\":\"{\\\"type\\\":\\\"HIGHLIGHT\\\",\\\"position\\\":{\\\"x\\\":-2.8701532275484687,\\\"y\\\":16.991342046621114,\\\"z\\\":10.15167552205638,\\\"_z\\\":10.15167552205638},\\\"radius\\\":1,\\\"ringRotation\\\":{\\\"_x\\\":1.015164061268643,\\\"_y\\\":-3.417128350540976,\\\"_z\\\":0,\\\"_order\\\":\\\"YXZ\\\"},\\\"ringQuaternion\\\":{\\\"_x\\\":-0.06675257642356038,\\\"_y\\\":-0.8656419476851999,\\\"_z\\\":0.4814600863469097,\\\"_w\\\":-0.12001790367864591},\\\"ringScale\\\":{\\\"x\\\":1.71,\\\"y\\\":1.71,\\\"z\\\":1.71},\\\"sphereCoordinate\\\":{\\\"ath\\\":285.78703254049844,\\\"atv\\\":58.16461622405336,\\\"zorder\\\":20},\\\"sphCo\\\":true,\\\"uuid\\\":\\\"E117D502-65F0-49DF-9255-FCDE14E21324\\\",\\\"min\\\":{\\\"x\\\":0,\\\"y\\\":0,\\\"z\\\":0},\\\"a\\\":{\\\"x\\\":1.9722019340671035,\\\"y\\\":-2.052,\\\"z\\\":0.566677625517345},\\\"b\\\":{\\\"x\\\":-1.9722019340671035,\\\"y\\\":-2.052,\\\"z\\\":-0.566677625517345},\\\"c\\\":{\\\"x\\\":-1.9722019340671035,\\\"y\\\":2.052,\\\"z\\\":-0.566677625517345},\\\"d\\\":{\\\"x\\\":1.9722019340671035,\\\"y\\\":2.052,\\\"z\\\":0.566677625517345}}\",\"position\":{\"x\":-2.8701532275484687,\"y\":16.991342046621114,\"z\":10.15167552205638},\"radius\":1}","time":11.490251},{"id":"5a7d44e18c1ce557941641ec","type":"HIGHLIGHT","content":"{\"uuid\":\"E3C460CB-D342-4FF5-892C-471EDF945019\",\"forWebData\":\"{\\\"type\\\":\\\"HIGHLIGHT\\\",\\\"position\\\":{\\\"x\\\":-4.7713119353628635,\\\"y\\\":19.17369313975933,\\\"z\\\":-3.0990440135322155,\\\"_z\\\":-3.0990440135322155},\\\"radius\\\":1,\\\"ringRotation\\\":{\\\"_x\\\":1.2823417807567405,\\\"_y\\\":0.9947613434057393,\\\"_z\\\":0,\\\"_order\\\":\\\"YXZ\\\"},\\\"ringQuaternion\\\":{\\\"_x\\\":0.5256614609845145,\\\"_y\\\":0.3823662224848325,\\\"_z\\\":-0.28538491065471777,\\\"_w\\\":0.7042950753121195},\\\"ringScale\\\":{\\\"x\\\":1.92,\\\"y\\\":1.92,\\\"z\\\":1.92},\\\"sphereCoordinate\\\":{\\\"ath\\\":33.004373400087196,\\\"atv\\\":73.47277193065156,\\\"zorder\\\":20},\\\"sphCo\\\":true,\\\"uuid\\\":\\\"E3C460CB-D342-4FF5-892C-471EDF945019\\\",\\\"min\\\":{\\\"x\\\":0,\\\"y\\\":0,\\\"z\\\":0},\\\"a\\\":{\\\"x\\\":-1.2624160716257578,\\\"y\\\":-2.304,\\\"z\\\":1.927361321107433},\\\"b\\\":{\\\"x\\\":1.2624160716257578,\\\"y\\\":-2.304,\\\"z\\\":-1.927361321107433},\\\"c\\\":{\\\"x\\\":1.2624160716257578,\\\"y\\\":2.304,\\\"z\\\":-1.927361321107433},\\\"d\\\":{\\\"x\\\":-1.2624160716257578,\\\"y\\\":2.304,\\\"z\\\":1.927361321107433}}\",\"position\":{\"x\":-4.7713119353628635,\"y\":19.17369313975933,\"z\":-3.0990440135322155},\"radius\":1}","time":11.490251}]}
